id,uin,name,email,mobile,status_code,lang_code,last_login_method,is_active,cr_by,cr_dtimes,eff_dtimes
110001,5402120055,Hortense Dauenhauer,hortense.dauenhauer@xyz.com,975366148,ACT,eng,PWD,TRUE,superadmin,now(),now()
110002,7314004469,Leonia Bermeo,leonia.bermeo@xyz.com,795281431,ACT,eng,PWD,TRUE,superadmin,now(),now()
110003,7896109326,Bong Bragan,bong.bragan@xyz.com,739704695,ACT,eng,PWD,TRUE,superadmin,now(),now()
110004,2870381373,Homer Molinar,homer.molinar@xyz.com,725028706,ACT,eng,PWD,TRUE,superadmin,now(),now()
110005,7234451333,Antony Hughes,antony.hughes@xyz.com,804319687,ACT,eng,PWD,TRUE,superadmin,now(),now()
110006,3563474484,Audra Amezquita,audra.amezquita@xyz.com,791830986,ACT,eng,PWD,TRUE,superadmin,now(),now()
110007,5804057178,Leia White,leia.white@xyz.com,899884346,ACT,eng,PWD,TRUE,superadmin,now(),now()
110008,1823955503,Idella Houge,idella.houge@xyz.com,946624002,ACT,eng,PWD,TRUE,superadmin,now(),now()
110009,6028049229,Shay Vitagliano,shay.vitagliano@xyz.com,716591396,ACT,eng,PWD,TRUE,superadmin,now(),now()
110010,2685259089,Mazie Negley,mazie.negley@xyz.com,718961429,ACT,eng,PWD,TRUE,superadmin,now(),now()
110011,3834346151,Magda Godoy,magda.godoy@xyz.com,938380935,ACT,eng,PWD,TRUE,superadmin,now(),now()
110012,3493338361,Anya Adorno,anya.adorno@xyz.com,911713143,ACT,eng,PWD,TRUE,superadmin,now(),now()
110013,5145284955,Darby Self,darby.self@xyz.com,859668671,ACT,eng,PWD,TRUE,superadmin,now(),now()
110014,4285838622,Crissy Flor,crissy.flor@xyz.com,971384902,ACT,eng,PWD,TRUE,superadmin,now(),now()
110015,3740463764,Bettina Goering,bettina.goering@xyz.com,876997632,ACT,eng,PWD,TRUE,superadmin,now(),now()
110016,6431857131,Hilary Dunklin,hilary.dunklin@xyz.com,853451517,ACT,eng,PWD,TRUE,superadmin,now(),now()
110017,2638207977,Kris Rahm,kris.rahm@xyz.com,723337142,ACT,eng,PWD,TRUE,superadmin,now(),now()
110018,6893364288,Ferne Hang,ferne.hang@xyz.com,733802681,ACT,eng,PWD,TRUE,superadmin,now(),now()
110019,5251539502,Leilani Heavener,leilani.heavener@xyz.com,942983448,ACT,eng,PWD,TRUE,superadmin,now(),now()
110020,7724013062,Irwin Norwood,irwin.norwood@xyz.com,936463358,ACT,eng,PWD,TRUE,superadmin,now(),now()
110021,7316931025,Magdalena Weber,magdalena.weber@xyz.com,932122450,ACT,eng,PWD,TRUE,superadmin,now(),now()
110022,9137847236,Adrienne Hoffman,adrienne.hoffman@xyz.com,848488000,ACT,eng,PWD,TRUE,superadmin,now(),now()
110023,8428758532,Adrienne Mcgee,adrienne.mcgee@xyz.com,894773246,ACT,eng,PWD,TRUE,superadmin,now(),now()
110024,9804209494,Amare Coleman,amare.coleman@xyz.com,956554588,ACT,eng,PWD,TRUE,superadmin,now(),now()
110025,7105248214,Dawson Ibarra,dawson.ibarra@xyz.com,765455583,ACT,eng,PWD,TRUE,superadmin,now(),now()
110026,9316557128,Elvis Mcmillan,elvis.mcmillan@xyz.com,884282274,ACT,eng,PWD,TRUE,superadmin,now(),now()
110027,8103486949,Steve George,steve.george@xyz.com,971073663,ACT,eng,PWD,TRUE,superadmin,now(),now()
110028,9601932866,Colton Elliott,colton.elliott@xyz.com,809908673,ACT,eng,PWD,TRUE,superadmin,now(),now()
110029,9317596765,Carolyn Rodriguez,carolyn.rodriguez@xyz.com,818876429,ACT,eng,PWD,TRUE,superadmin,now(),now()
